Age,EnvironmentSatisfaction,JobInvolvement,JobLevel,JobSatisfaction,MonthlyIncome,TotalWorkingYears,YearsInCurrentRole,YearsAtCompany,BusinessTravel_Non-Travel,EducationField_Technical Degree,JobRole_Healthcare Representative,JobRole_Laboratory Technician,JobRole_Research Director,JobRole_Sales Representative,OverTime_Yes,Attrition,C0,C1
50,4,3,4,4,0.8642691415313225,32,4,5,0,0,0,0,1,0,0,0,20.25140092117519,4.2098076831135165
36,2,3,2,2,0.20734022358152288,7,2,3,0,0,0,0,0,0,0,0,-6.38411699503198,3.6946206890565763
21,2,3,1,2,0.08806159038177601,1,0,1,0,0,0,0,0,1,0,1,-21.510360150954412,-1.7472394139943233
52,2,3,3,2,0.4975743514026577,18,6,8,0,0,1,0,0,0,0,0,13.831274176170854,5.84075160201808
33,2,3,3,3,0.6644695211980595,15,6,7,0,0,0,0,0,0,1,1,-1.4358665007351656,-4.1445804384086316
47,3,2,3,2,0.4916684243830416,28,11,22,0,0,0,0,0,0,1,0,21.80435710224808,-10.661966271036883
22,4,2,2,4,0.1985867960345919,4,2,2,0,0,0,0,0,0,0,0,-18.2133945614137,-3.3142816557864596
33,3,3,2,4,0.22985657034380935,7,5,6,1,0,0,0,0,0,1,0,-7.071750126551761,-1.2568999408142887
40,3,2,3,4,0.5191942628137524,15,11,12,0,0,0,0,0,0,0,0,5.6651204632193055,-5.235577123207442
27,4,1,2,4,0.21419531744357734,8,2,6,0,0,0,0,0,0,0,0,-11.012308386617995,-3.9131503311658036
40,1,3,1,4,0.07366589327146171,8,0,1,0,0,0,1,0,0,0,0,-3.993455798447686,7.983568703049533
55,4,3,3,2,0.5255747732545877,23,2,3,0,0,0,0,0,0,0,0,16.936344764818347,11.374791454268328
33,1,2,1,2,0.06876186458553048,5,2,2,0,0,0,0,0,0,1,1,-10.10514925769962,3.0578551068536965
37,1,2,3,3,0.5062223159670955,17,1,14,0,0,0,0,0,0,0,1,3.94765848239597,-4.977300268114521
46,4,2,5,2,0.9375659143640582,26,4,11,0,0,0,0,0,0,0,0,15.565707777091024,-0.8568500622581116
38,3,3,2,2,0.47010124446319346,10,8,9,0,0,0,0,0,0,0,0,-0.34590795017830955,-2.0937677258076404
30,1,2,2,4,0.19078253533009915,10,2,9,0,1,0,1,0,0,0,0,-6.765315291186173,-4.5811056900632305
36,4,1,2,4,0.23186036701117907,15,12,15,1,0,0,0,0,0,0,0,3.9074722318906816,-9.969110547122686
40,2,3,5,2,0.9926175912254798,21,8,21,0,0,0,0,0,0,0,0,11.922185189856316,-11.515490423437862
53,3,3,4,3,0.7299620333263025,22,13,17,0,0,0,0,0,0,0,0,20.956575916307962,-3.2011283047094525
32,4,3,2,2,0.2352351824509597,10,5,9,0,0,0,0,0,0,0,0,-4.930828094494404,-4.515402956110226
55,4,3,2,3,0.15956549251212826,4,2,3,0,0,1,0,0,0,1,0,4.73660522443522,15.691389191814476
30,3,1,2,4,0.2679814385150812,11,4,5,0,0,0,0,0,0,0,0,-7.032694330269878,-2.9023653054470526
23,3,4,1,1,0.031217042817970886,1,0,0,0,0,0,1,0,0,1,1,-20.448227248476396,0.12748029879762343
51,2,2,2,3,0.2701434296561907,10,0,1,0,0,0,0,0,0,0,0,4.908763011591256,14.04592034946598
42,4,2,2,4,0.26645222526893064,8,3,4,0,0,0,0,0,0,1,0,-1.1744513704045945,5.9799695876290855
20,4,3,1,3,0.0,1,0,1,0,0,0,0,0,0,1,1,-22.197449674650926,-2.345085090906546
29,2,1,1,4,0.06111579835477747,6,4,5,0,0,0,0,0,0,1,0,-10.983677663037886,-2.335943156154173
43,1,2,4,2,0.702752583843071,25,10,25,0,0,0,0,1,0,0,0,17.99317263713,-14.038640672832317
40,3,2,2,4,0.17997257962455177,16,1,1,0,0,0,0,0,0,1,0,1.3383905177157587,5.753997651548807
29,2,3,1,4,0.11189622442522675,10,8,10,0,0,0,1,0,0,0,0,-6.297098644366942,-8.09233361096709
44,3,3,1,2,0.07029107783168108,6,3,5,0,0,0,0,0,0,1,1,-0.8556946503464766,7.010145476365954
47,1,3,4,3,0.8521408985446108,26,17,20,0,0,0,0,1,0,0,0,20.9350726281468,-11.22318247961109
32,1,3,2,4,0.22674541236026158,10,8,10,0,0,0,1,0,0,0,0,-4.163303239899857,-6.346545735926906
38,3,3,1,1,0.08489770090698166,8,0,0,0,0,0,0,0,0,0,0,-5.670335864794215,7.477468958553086
58,4,1,2,3,0.2452541657878085,12,3,5,1,0,1,0,0,0,1,0,12.66233520407154,13.94515784641625
45,2,3,3,4,0.441415313225058,10,1,3,0,1,0,0,0,0,1,0,1.6259496331423422,8.708091238025123
56,3,3,4,4,0.5322716726429023,30,7,10,0,0,1,0,0,0,0,0,25.06760433830015,3.755330883835121
37,3,1,2,4,0.44906137945581104,6,3,6,0,0,0,0,0,0,0,0,-5.266545860594377,2.107953376881497
39,1,4,3,3,0.36231807635519936,9,7,8,0,0,0,0,0,0,0,0,-0.6811581247613315,-0.26432610850972993
54,3,2,3,3,0.5102826407930816,13,4,9,0,0,0,0,0,0,0,0,12.00486724911874,8.245447755738844
32,4,3,1,3,0.15903817759966254,10,7,8,1,0,0,1,0,0,0,0,-5.006979625620494,-4.577989292096122
48,1,3,3,3,0.6061484918793504,15,0,0,0,0,0,0,0,0,0,0,5.815447680796041,11.761980148451928
33,3,4,2,2,0.23618434929339804,6,5,6,0,0,1,0,0,0,1,0,-7.706423788795317,-1.011110474042833
31,2,1,2,3,0.27225268930605356,12,7,7,0,0,0,0,0,0,1,1,-4.646823920147865,-5.012465997762639
46,2,3,3,1,0.4979962033326303,24,13,24,0,0,0,0,0,0,0,0,19.48563370172492,-12.448427229133383
38,4,3,2,4,0.24973634254376714,10,2,2,0,0,1,0,0,0,0,0,-3.4005877286494246,4.874436084267142
38,4,3,2,2,0.1809217464669901,16,13,15,0,0,0,0,0,0,0,0,6.071688408868913,-9.361901208252949
43,4,3,2,4,0.36057793714406244,10,9,10,0,0,0,0,0,0,1,0,3.5392283185417126,-0.17466056198120306
37,2,3,1,4,0.06944737397173592,4,2,4,0,0,0,0,0,0,1,0,-7.381534557082825,4.325136025321042
30,3,2,2,4,0.16573507698797724,11,10,11,0,0,1,0,0,0,0,0,-4.2815189751366445,-9.198028609207327
39,3,2,4,2,0.8497152499472685,21,9,19,0,0,0,0,0,0,1,0,10.703425124411634,-11.123468590815408
43,1,2,5,3,0.9693630035857415,21,12,16,0,0,0,0,0,0,0,0,13.076945281579274,-7.933534768666424
27,4,2,2,1,0.30594811221261337,9,6,7,0,0,1,0,0,0,0,0,-9.45176483485905,-6.314154557414199
42,3,2,2,3,0.2760493566758068,10,4,5,0,0,0,0,0,0,0,0,0.5635034532659146,4.4831984322584795
31,1,4,1,3,0.15655979751107363,4,2,2,0,0,0,1,0,0,0,0,-12.109176356715613,2.0988991301678213
39,4,3,1,1,0.07356043028896857,8,2,2,0,0,0,1,0,0,1,1,-4.086937044675262,5.978752880338619
29,4,2,4,4,0.7970364901919427,9,7,7,0,0,0,0,1,0,0,0,-7.767962088842304,-5.610302832066178
49,3,3,5,1,0.9310272094494833,22,2,3,0,0,0,0,1,0,1,0,12.33732200266317,7.941832446450692
38,1,2,1,1,0.09750052731491247,20,0,1,0,0,0,0,0,1,0,0,2.2901877695587505,4.096992065744581
42,1,3,4,4,0.7900759333473951,16,0,1,0,0,0,0,1,0,0,0,2.723692814936236,7.243657503617554
34,4,3,3,3,0.4017612318076355,9,7,8,0,0,0,0,0,0,0,0,-4.118622928426234,-3.2415956925337195
36,3,3,2,4,0.2940835266821346,17,8,16,0,0,1,0,0,0,1,0,4.879267754019061,-9.545464896754925
27,3,3,2,4,0.175754060324826,5,2,4,0,0,0,0,0,0,0,0,-13.533248931532173,-1.8931852597748051
40,3,1,3,1,0.5232545876397384,20,0,1,1,0,0,0,0,0,0,0,3.8113173256012893,5.205856288226581
34,4,2,3,3,0.3202910778316811,10,9,10,0,1,0,0,0,0,1,0,-2.5685450990475864,-5.577618676487095
43,3,3,3,1,0.4733178654292344,10,0,1,0,0,1,0,0,0,0,0,-0.507083670591621,9.261057337914377
31,1,3,3,4,0.5159249103564649,13,7,13,0,0,0,0,0,0,0,0,-2.0936772905047745,-9.283070995778244
41,4,3,1,4,0.09349293398017296,12,3,5,0,0,0,0,0,0,0,0,0.9246189057702133,3.8617891194788854
31,4,1,2,1,0.21060957603881042,10,8,10,0,0,0,0,0,0,0,0,-4.852876237386861,-6.932659549033594
45,2,3,2,3,0.23149124657245307,12,2,4,0,0,1,0,0,0,0,0,3.291358187814831,7.259563937388347
33,2,2,2,4,0.19368276734866063,9,7,7,0,0,0,0,0,0,0,0,-5.17865849061575,-3.1453568019115155
36,3,4,2,4,0.08236658932714618,17,2,5,0,0,0,1,0,0,0,0,0.5972748358190224,0.10796535603134426
33,2,4,1,2,0.053733389580257335,14,11,14,0,0,0,1,0,0,0,0,0.6772522696820416,-10.41337921167177
31,1,3,1,3,0.10029529635098079,5,2,5,0,0,0,0,0,0,0,0,-10.552626179380049,-0.13844653869700704
19,3,1,1,1,0.06939464248048935,1,0,0,0,1,0,0,0,1,0,1,-23.19216590319552,-2.2766690906158344
32,2,4,1,2,0.09412571187513182,5,1,5,0,0,0,1,0,0,0,0,-10.029620123541743,0.8572945974062491
36,1,3,2,4,0.3569921957392955,18,9,11,1,0,0,0,0,0,0,0,4.152172365583662,-6.822567668892418
37,3,3,2,2,0.16146382619700483,19,0,10,0,0,0,0,0,0,0,0,3.7797229722610033,-2.318872863169273
29,2,2,1,1,0.06907825353300992,1,0,1,0,0,0,1,0,0,1,1,-16.02432137541517,3.0209755921107266
29,3,3,1,4,0.07936089432609154,11,5,7,0,0,0,0,0,0,0,0,-7.02980173733906,-5.16632917177511
41,2,1,5,3,1.0,21,16,21,1,0,0,0,1,0,0,0,13.846500682476558,-14.005937682090382
30,3,3,2,4,0.28148070027420374,12,9,11,0,0,0,0,0,0,1,0,-3.8000803874698414,-9.040132471004082
39,3,3,3,3,0.6567707234760599,9,3,4,0,0,0,0,1,0,0,0,-2.5058193191458593,3.930511402634948
22,3,3,1,1,0.07324404134148914,1,0,1,0,0,0,1,0,0,1,1,-20.829744852039205,-1.1418467366179197
31,3,1,2,3,0.1759122547985657,6,4,5,1,0,0,0,0,0,0,0,-9.541001674238215,-1.1756848652393512
45,4,3,4,4,0.8775047458342122,26,3,9,0,0,0,0,0,0,0,0,14.04676433431081,0.29892447151322665
42,1,3,2,3,0.1870385994515925,19,4,5,0,0,0,0,0,0,0,0,6.310234575182974,2.457127277091846
31,3,2,3,3,0.41837165155030587,10,9,10,0,0,0,0,0,0,0,0,-4.620522767907556,-7.363639166995664
51,4,1,2,2,0.23586796034591861,13,1,4,0,0,0,0,0,0,0,0,7.884074195456168,10.989125323628794
34,4,2,2,1,0.228538283062645,14,9,13,0,0,1,0,0,0,0,0,0.8290826802100354,-8.424941467348868
33,4,3,4,3,0.8666420586374183,10,8,10,1,0,0,0,0,0,0,0,-3.3271749156844552,-5.825007665548494
40,2,3,2,2,0.24615060113900022,15,8,11,0,0,0,0,0,0,0,0,4.824685264099783,-3.3646676163203235
33,4,4,3,3,0.38868382197848556,10,8,9,0,0,0,0,0,0,1,0,-3.7102082547844373,-5.109441914840429
34,2,3,2,3,0.24810166631512343,6,5,6,0,0,0,0,0,0,0,0,-7.018616200349393,-0.4298050932057773
34,2,3,1,4,0.08869436827673487,10,9,10,0,0,0,0,0,0,0,0,-2.7059169781786734,-5.499758221721258
30,2,4,3,1,0.5487766294030796,9,7,8,0,0,0,0,1,0,1,0,-6.85155929518541,-5.6213036319151835
45,4,3,2,1,0.13836743303100613,9,8,9,1,0,0,1,0,0,1,0,3.8013543031219084,2.3133966822500445
37,1,3,3,2,0.41262391900442946,9,5,9,1,0,0,0,0,0,0,0,-2.0588150309972852,-1.3598754604323848
31,4,3,2,4,0.3447584897700907,13,7,7,0,0,0,0,0,0,0,0,-4.000220898520074,-5.228991553950558
32,4,3,1,4,0.10857414047669268,8,7,7,0,0,0,1,0,0,0,0,-6.58614408337955,-3.4630693075983046
30,1,3,1,3,0.05921746466990087,7,2,5,0,0,0,0,0,0,1,1,-9.97352164567608,-1.1836774096821305
33,3,4,2,1,0.23027842227378192,10,3,5,0,0,0,0,0,0,0,0,-5.768090719811437,-0.47400555764155317
38,3,3,3,3,0.36131617802151444,10,0,1,0,0,0,0,0,0,1,0,-3.943394362564788,6.2679226551184595
41,3,3,2,1,0.10878506644167897,17,0,1,0,0,0,0,0,0,0,0,2.507546529819635,6.53139850218375
51,1,1,3,4,0.508384307108205,18,2,4,0,0,0,0,0,0,0,1,11.303870328207386,9.42331994119493
38,1,2,2,1,0.27836954229065597,13,3,4,0,0,1,0,0,0,0,0,-0.7191159927020123,2.4836916616953686
27,2,2,2,3,0.13346340434507487,9,8,9,0,0,0,0,0,1,0,0,-8.54120230706516,-8.431991111291655
53,4,3,4,4,0.6995359628770301,33,9,12,0,0,0,0,1,0,0,0,25.845438085671258,-0.8160579204488918
30,4,3,2,3,0.226323560430289,4,1,2,0,0,0,0,0,0,0,0,-12.87750636479032,1.8455772271887556
30,2,3,1,4,0.0037966673697532177,1,0,1,0,0,0,0,0,1,0,1,-15.334087271153722,3.604617025854207
30,4,1,1,3,0.1489137312803206,7,2,2,0,0,0,1,0,0,0,0,-10.888634938301182,0.8188143751182725
58,4,3,5,1,0.9856570343809323,32,8,9,0,0,0,0,1,0,1,0,27.642897147786655,4.74904186595577
34,2,4,2,4,0.45960767770512556,16,1,15,0,0,0,0,0,0,0,0,1.4910339498423333,-7.163337033906103
51,3,3,2,4,0.20707656612529002,18,7,7,0,0,0,0,0,0,0,0,12.915102437006142,5.559390620182178
39,3,3,4,1,0.8468150179287071,21,9,21,0,0,0,0,0,0,1,0,11.311595843424438,-12.448303538356273
36,2,3,3,4,0.47305420797300146,10,3,10,1,0,0,0,0,0,0,0,-2.10996602822278,-2.092059239517131
32,3,2,2,2,0.22247416156928917,13,12,13,0,1,0,0,0,0,1,0,-0.7230602576225903,-10.555131646069777
56,1,3,1,3,0.10192997257962456,18,4,5,0,0,0,0,0,0,0,0,15.206808530989553,11.062403648867825
57,2,4,2,3,0.20517823244041344,13,9,12,0,0,0,0,0,0,0,0,15.672880640030312,6.163777360885439
57,1,2,4,4,0.6912571187513183,32,0,1,0,0,0,0,0,0,0,0,23.217379342400687,12.577333308674532
40,4,2,1,4,0.07029107783168108,5,2,4,0,0,0,0,0,0,1,0,-4.689433237650761,5.886854135907688
23,4,3,1,1,0.04118329466357308,1,0,1,0,0,0,0,0,1,0,1,-20.14387836466446,-0.5448252344229817
53,2,4,3,4,0.31617802151444846,11,3,4,0,0,1,0,0,0,0,0,8.37040136731525,11.829213215296264
38,4,2,1,2,0.07545876397384517,4,3,4,0,0,0,1,0,0,0,0,-6.5523700821194595,4.553797979508857
36,3,3,1,2,0.059797511073613155,8,2,5,0,0,0,0,0,0,0,0,-5.212900285541379,2.175552944764218
29,2,3,3,4,0.3643218730225691,11,10,11,0,0,0,0,0,0,0,0,-4.894136425882069,-9.833402806655858
38,2,1,3,3,0.6431659987344442,20,16,18,0,0,0,0,1,0,0,0,10.090310123151358,-13.483509570974336
47,1,3,3,3,0.4020248892638684,25,14,17,0,0,1,0,0,0,0,0,18.838866131685233,-7.795907280290312
32,4,3,2,3,0.20428179708922167,10,4,10,0,0,0,1,0,0,0,1,-4.795091888014996,-4.799688269895804
36,2,2,2,2,0.2894958869436828,6,5,6,0,0,0,0,0,0,0,0,-5.64660582053396,0.7616186514047365
49,1,2,2,1,0.1726956338325248,20,3,4,0,0,0,1,0,0,0,1,11.276593967923876,7.464922866328837
34,3,2,1,1,0.17781058848344233,6,5,6,0,0,0,0,0,0,0,0,-7.094914963899765,-0.3828899204711518
39,1,3,2,3,0.18587850664416788,9,7,8,0,0,0,0,0,0,0,0,-0.7553430630348953,-0.22998509861021185
30,3,2,3,3,0.3936405821556634,12,8,11,1,0,0,0,0,0,0,0,-3.881861479971024,-8.696331165992873
51,2,3,3,2,0.5055368065808902,14,2,4,0,0,0,0,0,0,0,0,8.75651180717119,10.34625992501826
60,1,3,2,1,0.2318076355199325,10,2,2,0,0,0,0,0,0,0,0,11.697230651483338,17.988661394549926
50,2,3,2,3,0.3015713984391479,12,3,6,0,0,0,0,0,0,0,1,7.474534339497401,8.518972511737998
45,4,3,1,4,0.05921746466990087,8,4,5,0,1,0,0,0,0,0,0,1.2691445661056175,6.760204119936116
56,4,1,3,4,0.3296245517823244,37,4,6,0,0,0,0,0,0,0,0,27.775398637323708,6.02776415957554
46,4,3,3,4,0.39912465724530694,12,8,9,0,0,0,0,0,0,0,0,6.489521713233055,2.175974054535808
42,2,3,1,2,0.09264923012022781,7,3,5,0,0,0,1,0,0,0,0,-1.5836355345978539,5.593651292306233
60,3,1,3,4,0.5206707445686564,19,0,1,0,0,1,0,0,0,0,0,16.904653686210253,17.334754514168498
53,3,2,3,4,0.48302045981860364,34,7,33,0,1,0,0,0,0,0,1,32.47669127149813,-14.26384142645233
39,1,3,2,1,0.2184138367433031,10,0,10,0,0,0,0,0,0,0,0,-0.586674285586857,0.9000722908854867
48,4,2,5,2,0.9837587006960558,29,10,22,0,0,0,0,1,0,0,0,23.1327552437719,-9.990302103490203
37,3,3,2,4,0.2896540814174225,7,4,5,0,0,0,0,0,0,0,0,-4.780777628820433,2.1796667969419716
41,4,3,2,4,0.23507698797722,12,2,6,0,0,0,0,0,0,1,0,1.1465786731843146,3.535968660621429
21,1,3,1,4,0.08442311748576249,3,2,3,1,0,0,0,0,1,0,0,-19.306878677034558,-4.31653300168334
32,2,3,2,4,0.1789706812908669,8,2,5,0,0,0,0,0,0,0,0,-7.881036384699425,-0.2602864244564933
37,4,2,1,3,0.057002742037544823,7,0,0,0,0,0,1,0,0,1,1,-7.012982560497511,7.097688734834547
45,1,3,3,1,0.2215249947268509,24,9,24,0,0,0,1,0,0,0,0,18.17519638685432,-11.509043408489662
41,4,3,3,4,0.6634676228643747,16,0,1,0,0,0,0,0,0,1,0,1.947577769974652,6.69818857567954
42,2,4,2,2,0.07187302256907825,18,0,1,0,0,0,0,0,0,1,0,3.8328182869545717,6.898121109224457
42,3,3,2,2,0.3066863530900654,10,7,9,0,0,0,0,0,0,0,0,2.2425282291134687,0.6736999654048578
24,4,3,1,2,0.05399704703649019,1,0,1,1,0,0,0,0,1,0,0,-19.449676517176766,0.04148602061133228
33,1,3,2,1,0.3804577093440203,6,2,5,0,0,0,0,0,0,1,1,-8.478405730719363,0.799080206619551
43,4,3,2,4,0.2400864796456444,12,2,5,0,0,1,0,0,0,0,0,2.219745614337963,5.399454180248957
38,3,3,1,3,0.08832524783800887,3,1,2,0,0,0,0,0,0,0,0,-8.096906440275792,6.874073752516212
33,4,3,2,3,0.28364269141531323,14,0,0,0,0,1,0,0,0,1,0,-5.197632767385851,3.0996712922886758
53,1,2,3,4,0.5233600506222316,35,2,5,0,0,0,0,0,0,1,0,23.836508252272292,6.11932123037351
43,3,3,3,1,0.5173486606201223,18,7,8,0,0,0,0,0,0,0,0,7.803278143641595,0.10090376438350934
42,4,2,1,1,0.08352668213457078,10,6,9,0,0,0,1,0,0,1,0,2.002333628513966,1.1015095203255694
29,2,1,1,1,0.058531955283695425,7,7,7,0,0,0,1,0,0,1,1,-9.292646593309055,-5.023100474619657
29,2,3,2,3,0.1753849398861,11,7,8,0,0,1,0,0,0,0,0,-6.340526468830375,-6.633300711554163
37,2,3,1,2,0.10614849187935034,8,0,1,0,0,0,0,0,0,0,0,-6.048867485525986,6.205677202529106
50,1,3,5,2,0.905030584264923,28,3,8,0,0,0,0,1,0,1,0,18.532914329716156,3.4537973379885507
29,4,3,2,3,0.19194262813752372,4,3,4,1,0,0,0,0,0,0,0,-12.649335929908098,-0.8530645280080885
33,1,3,3,4,0.6564543345285805,15,14,15,0,0,0,0,1,0,1,0,2.2496030618812135,-12.565836031060982
55,3,2,4,1,0.8303627926597764,31,7,9,1,0,0,0,0,0,0,0,24.712583434408035,3.6065552214982035
51,2,2,3,2,0.6054102510018984,16,9,10,0,0,0,0,1,0,0,0,12.945624713021738,3.1970289088343
30,1,1,1,3,0.0845813119595022,10,7,10,0,0,0,0,0,0,0,0,-5.757820461817436,-7.124714806756999
49,1,2,5,3,0.9334528580468255,23,0,1,0,0,0,0,0,0,0,0,12.058306670236822,9.803494151882065
47,3,4,2,3,0.21398439147859105,20,10,19,0,0,0,0,0,0,1,0,15.558113887406972,-6.427866644811731
31,3,3,1,2,0.07867538493988609,1,1,1,0,0,0,0,0,0,0,0,-14.482088053107526,3.827443501583811
47,2,3,1,3,0.05779371440624341,7,2,2,0,0,0,1,0,0,0,0,0.7808068323224644,10.953853280843493
58,1,3,1,3,0.07187302256907825,2,2,2,0,0,0,0,0,0,0,0,5.147499903008138,18.62756743010777
41,2,3,5,3,0.977430921746467,23,15,22,0,1,0,0,1,0,0,1,15.265474032646727,-14.729843044627808
29,4,2,1,1,0.1463826197004851,5,4,5,0,0,0,0,0,0,0,0,-11.625138703828505,-2.0831526452136306
50,4,4,1,3,0.11664205863741826,20,8,20,0,0,0,1,0,0,1,0,17.53200254356152,-4.49738389516523
32,3,2,1,2,0.09639316599873445,6,2,6,0,0,0,1,0,0,0,0,-8.936038686932438,-0.4269104346359578
44,2,3,5,4,0.951276102088167,23,7,22,0,0,0,0,1,0,1,0,16.101265576312066,-9.885137054349169
38,3,4,1,3,0.09676228643746045,7,6,7,0,0,0,0,0,0,0,0,-3.2527242770608913,0.7246214602481503
45,2,2,1,3,0.06670533642691415,1,0,1,0,0,0,0,0,0,0,0,-5.026294358391751,12.538284765362175
46,1,3,3,3,0.5018983336848766,28,2,2,0,0,1,0,0,0,0,0,13.656957211109562,5.544147399106874
34,4,4,1,4,0.10140265766715882,6,0,5,0,0,0,0,0,0,1,0,-8.17092236831238,2.1951580255898246
55,3,3,2,2,0.2834844969415735,17,7,8,0,0,1,0,0,0,1,0,15.327138302420282,7.511440642320241
19,2,4,1,4,0.10467201012444631,1,0,1,0,0,0,0,0,0,1,0,-22.867991669883754,-2.94907975543233
32,1,3,2,4,0.27172537439358785,9,8,9,0,0,0,0,0,0,1,0,-5.1003867014537105,-5.459034361525189
40,3,3,2,3,0.15640160303733391,11,7,8,1,0,0,1,0,0,0,0,1.1942358921490022,-0.07747223783179943
30,3,2,2,2,0.22147226323560432,11,8,11,0,0,0,0,0,0,1,0,-4.594948762664891,-8.425782849614643
48,4,3,1,3,0.06591436405821556,13,0,0,0,0,0,0,0,0,0,0,4.381756622761692,12.300776555806445
45,1,2,4,4,0.832261126344653,22,8,20,1,0,0,0,0,0,0,0,15.615480233153372,-8.074842302696009
29,2,1,1,4,0.09022358152288547,10,7,10,0,0,0,0,0,0,0,0,-6.445385290855728,-7.723612472958468
46,4,2,2,1,0.1901497574351403,19,13,16,0,0,0,0,0,0,1,0,13.777518259917697,-5.9405217710902285
41,4,3,2,3,0.21060957603881042,8,2,2,0,0,0,0,0,0,0,0,-2.6227780291326743,7.115572302437071
41,2,3,1,2,0.11237080784644589,4,3,4,0,0,0,0,0,1,1,1,-4.49816471431809,6.338995718335123
52,4,4,4,3,0.6453279898755537,24,3,5,0,0,0,0,0,0,1,0,16.350632603259925,7.602700053396694
51,1,2,3,1,0.34143640582155665,23,12,13,0,0,1,0,0,0,0,0,18.77946399330021,-1.518835412038242
36,3,3,1,4,0.08621598818814595,7,2,3,0,0,0,0,0,1,1,0,-6.465614347989027,3.724460936702228
38,2,3,2,1,0.2986711664205864,17,0,1,0,0,1,0,0,0,1,1,0.4469164132869882,4.743243920876766
31,4,3,2,1,0.22795823665893272,10,2,5,0,0,0,0,0,0,0,0,-7.296979229882462,-1.2855520114788883
44,2,3,2,1,0.23439147859101456,9,3,4,0,0,0,0,0,0,1,0,0.8380224484708519,6.963529067099836
30,3,3,2,4,0.22648175490402872,10,7,8,0,0,0,0,0,0,0,0,-6.296220932491661,-5.818337575540168
31,4,3,1,2,0.06818181818181818,3,2,3,0,0,0,0,0,1,1,1,-12.461936957751373,1.662320305805852
27,4,3,1,3,0.07303311537650285,8,2,8,0,0,0,0,0,0,1,1,-10.48743087839294,-5.192604931625157
24,4,2,2,3,0.17759966251845605,5,2,4,0,0,0,0,0,0,0,0,-15.595211874706786,-3.6779461324162153
50,3,2,1,3,0.14137312803206076,5,2,3,0,0,0,1,0,0,0,0,1.8663215175831,12.520309532607069
39,4,2,2,3,0.25801518666947904,17,11,15,0,0,0,0,0,0,0,0,7.090024579859513,-8.237059321933772
30,3,3,2,3,0.19436827673486606,10,4,8,1,0,0,0,0,0,1,0,-6.762489111351287,-4.667022984349771
30,4,2,2,4,0.21709554946213883,10,8,10,0,0,0,1,0,0,1,0,-5.544709161015843,-7.537507167222411
59,3,2,5,4,0.9404661463826197,30,2,3,1,0,0,0,0,0,0,0,24.29905575598265,12.080910696652747
36,1,4,3,1,0.5644378823033116,10,7,8,1,0,0,0,1,0,0,0,-2.0932508804095837,-2.2745274143498797
29,4,2,1,1,0.07356043028896857,3,0,0,0,0,0,0,0,0,1,1,-15.050178049362474,3.2394944465839477
30,2,2,1,1,0.05399704703649019,1,0,1,0,0,0,0,0,1,0,1,-15.33596738953567,3.6153959170051415
50,3,3,5,2,0.9975216199114112,21,4,5,0,0,0,0,0,0,0,0,13.2972145636226,6.662023943142059
37,3,2,1,1,0.15350137101877243,17,1,3,0,0,0,0,0,0,0,0,0.45453957441238435,2.4620842671051135
38,1,2,3,2,0.5827884412571188,19,8,10,0,0,0,0,1,0,0,0,5.787143223956089,-4.843430896134345
41,4,3,2,4,0.27531111579835477,16,3,14,1,0,0,0,0,0,0,0,6.288839665490419,-3.0912061952012433
29,4,2,1,1,0.058004640371229696,1,0,1,0,1,0,0,0,0,0,0,-16.013143182895593,3.0184025791053855
45,4,3,2,4,0.14174224847078676,12,9,10,0,0,0,0,0,0,0,0,6.186359095122866,0.5697922938620624
29,1,3,2,1,0.2301202278000422,6,3,5,0,0,1,0,0,0,0,0,-11.058342166236024,-1.9638368381363014
42,4,3,4,1,0.8782957182029107,23,6,22,0,0,0,0,0,0,0,0,14.489429190540232,-10.626895617696995
48,4,2,5,4,0.9099346129508543,25,0,1,0,0,0,0,1,0,0,0,12.650462295110762,8.754048870585972
20,4,2,1,4,0.10108626871967939,1,0,1,0,0,0,1,0,0,1,1,-22.201911956190578,-2.353075959476538
31,3,3,3,2,0.5082788441257119,13,8,13,0,0,0,0,0,0,0,0,-1.9459394063378765,-9.649965381605464
41,3,1,2,2,0.2858574140476693,10,2,3,1,0,0,0,0,0,0,0,-1.0416178067193445,5.987333387129136
29,1,2,1,1,0.06992195739295508,4,2,2,0,0,0,0,0,0,1,1,-13.488978072408916,0.9054225690458371
42,2,3,2,1,0.2186247627082894,9,4,6,0,0,0,0,0,0,0,0,0.22973358660197662,4.054978764674069
36,2,2,2,4,0.2975638051044084,8,3,6,0,0,0,0,0,0,0,0,-4.676337255575462,1.0658185895645713
32,1,1,2,2,0.3019405188778739,10,0,0,0,0,0,0,0,0,0,1,-8.440736938034316,3.3933194512729066
36,1,3,2,3,0.2287492090276313,10,2,3,0,0,1,0,0,0,0,0,-4.463157318661366,3.013316429762295
42,2,3,1,1,0.08263024678337903,8,2,5,0,0,0,1,0,0,0,0,-1.1003031062362016,5.756892210496434
43,4,3,4,4,0.7938726007171483,22,13,17,0,0,0,0,0,0,1,0,14.092065619101097,-9.164178972475247
36,3,3,2,4,0.1841910989242776,17,7,13,0,0,0,0,0,1,0,0,3.80327690315717,-7.1584813400419876
36,2,3,2,2,0.2459924066652605,11,8,9,1,0,0,1,0,0,0,0,-1.0895930925427866,-3.50910532268804
36,2,3,3,4,0.46029318709133094,10,7,9,0,1,0,0,0,0,0,0,-1.7985990613857925,-2.957185109483065
38,4,3,2,4,0.19647753638472898,19,11,13,0,0,0,0,0,0,0,0,7.0715326561105645,-7.9473181241601685
33,3,2,1,1,0.0943893693313647,6,2,3,0,0,0,0,0,0,1,0,-9.158974236002749,2.172754099679161
45,1,4,2,3,0.2860683400126556,9,2,3,0,0,0,0,0,0,0,0,1.0727880230196125,8.602970998221274
27,1,4,2,3,0.28954861843492935,9,7,8,0,0,0,0,0,0,0,0,-8.988098201791829,-7.375089171979211
34,1,2,2,2,0.1893060535751951,16,9,15,0,0,0,0,0,0,1,1,2.70743842816047,-10.22556131954608
29,3,3,1,2,0.08932714617169372,6,4,5,0,0,0,0,0,0,0,0,-10.984572674803447,-2.3105575299941123
32,2,3,2,3,0.21097869647753642,12,8,11,0,0,0,0,0,0,0,0,-2.5793538509064033,-7.460496388684164
44,4,3,4,1,0.8077937144062435,24,6,20,0,0,0,0,1,0,0,0,15.898527775127167,-8.32946830420944
40,2,3,4,3,0.644800674963088,22,6,20,0,0,0,0,0,0,0,0,11.872436660613944,-10.27148834773427
55,1,3,4,2,0.8345285804682556,37,9,10,0,0,0,0,0,0,0,0,29.160720292408552,0.8179461672286933
41,1,3,5,3,0.9707867538493988,21,16,18,0,0,0,0,1,0,0,0,12.9373297905732,-11.992295430940073
43,1,1,2,3,0.22869647753638472,7,3,4,0,0,0,0,0,0,0,1,-1.1280731352735247,6.797857103358175
38,2,3,2,2,0.16816072558531953,8,2,3,0,0,0,0,0,0,0,0,-4.374131780791125,4.661296396947611
29,2,1,1,2,0.09233284117274836,2,2,2,0,0,0,0,0,1,0,1,-14.770849485058282,1.3495525858268527
45,4,3,3,1,0.6452225268930606,17,0,0,0,0,0,0,1,0,1,0,5.031936992004873,9.535446131717608
34,1,3,2,2,0.17485762497363427,5,2,5,0,0,0,0,0,0,0,0,-8.422477395390189,1.6156516039028606
38,4,4,1,3,0.08442311748576249,4,2,4,0,0,0,0,0,0,0,0,-6.698150366343888,4.938050237658082
55,1,3,3,4,0.48671166420586376,24,0,1,0,0,0,0,0,0,0,0,16.665669877894704,13.232966118237957
40,1,2,3,3,0.497047036490192,18,15,18,0,0,0,0,0,0,0,0,10.02447605492881,-11.449202161773487
20,4,3,1,1,0.09064543345285804,2,2,2,0,0,0,0,0,1,0,0,-20.943026997187694,-3.9937278410957573
33,1,1,1,4,0.12650284750052732,8,3,4,0,0,0,1,0,0,0,1,-7.430630929817275,0.6518821279070682
31,4,3,1,4,0.0710293187091331,8,4,6,0,0,0,0,0,0,1,0,-8.03423021635379,-2.247217913966671
40,1,3,3,4,0.49108837797932925,14,10,11,0,1,1,0,0,0,0,0,4.57509988653963,-3.959503302834047
50,4,3,4,1,0.8883674330310062,32,2,2,0,0,0,0,0,0,0,0,19.020309191491705,7.00067742488801
27,4,3,1,4,0.08284117274836532,6,2,4,0,0,0,0,0,0,0,0,-12.969864316633513,-2.077022179257808
36,4,3,3,1,0.3855726639949378,15,8,12,0,0,1,0,0,0,1,0,2.4535033173516867,-6.443529739624328
53,4,4,4,2,0.822031217042818,35,8,9,0,0,0,0,1,0,0,0,26.05549799114048,1.1351859421930879
42,2,4,2,1,0.23882092385572667,10,0,0,0,0,1,0,0,0,0,0,-1.5699304170288702,9.37613972797233
37,3,2,2,4,0.21904661463826197,17,0,1,1,0,1,0,0,0,0,0,-0.2319065414327256,4.126357272619592
43,2,3,4,1,0.8516135836321451,22,1,4,0,0,0,0,1,0,0,0,8.302162221143355,4.119985512792571
23,4,3,1,3,0.01128453912676651,1,0,1,0,0,0,0,0,0,0,0,-20.12826474777348,-0.5585074736102952
52,3,3,1,1,0.10235182450959714,12,4,5,0,0,0,1,0,0,0,0,8.620417970212051,10.050352596968281
29,1,3,1,4,0.14506433241932082,3,2,3,0,0,0,0,0,0,0,0,-13.808587105623625,0.45026450509055005
50,2,2,5,3,0.9349820712929762,29,3,27,0,0,0,0,1,0,1,0,24.952443597355458,-9.46919788684601
42,2,3,2,3,0.20554735287913944,20,16,20,0,0,0,0,0,0,0,0,13.358198661604066,-12.37827047763644
34,2,4,2,3,0.17902341278211348,6,3,4,0,0,0,1,0,0,0,0,-7.942398701604248,1.681298753370944
32,3,3,1,2,0.1540814174224847,6,3,4,0,0,0,0,0,1,0,0,-9.389111678414531,0.5277257293937475
56,4,2,2,1,0.2304893482387682,6,0,0,0,0,0,0,0,0,0,0,5.476275814749591,18.61001460276388
27,4,3,1,2,0.14801729592912888,5,2,5,0,0,0,1,0,0,0,0,-13.31076298996589,-2.5054486263306073
40,3,3,1,1,0.12486817127188356,7,3,4,0,0,0,1,0,0,0,0,-3.262932690836443,5.0776010360953805
37,1,3,3,3,0.47663994937776843,17,0,1,0,0,0,0,0,0,0,1,-0.16291746969571183,4.093194906167652
33,2,2,1,3,0.05267875975532588,1,1,1,1,0,0,1,0,0,0,0,-13.11540269326155,5.008014271510594
36,3,3,2,3,0.22294874499050832,17,7,7,0,0,1,0,0,0,0,0,1.9861718057045707,-3.144326240769721
39,3,3,1,3,0.14480067496308796,8,3,8,0,0,0,1,0,0,0,0,-2.091710865252615,1.5739735013337441
36,1,3,2,4,0.2146171693735499,12,7,7,1,1,0,0,0,0,0,0,-1.2052500687431413,-2.0358426424076743
36,3,3,2,2,0.22247416156928917,10,7,9,0,0,0,0,0,0,0,0,-1.8761607630850152,-2.90035658723628
37,3,3,2,2,0.16810799409407295,18,0,1,0,0,0,0,0,0,1,0,0.4006905803724386,3.9154547718954884
51,4,3,5,2,0.9933558321029319,31,10,29,0,0,0,0,0,0,1,0,28.5884994557726,-13.31939086833402
49,1,3,4,2,0.8122758911622021,27,2,4,0,0,0,0,1,0,0,0,15.766551118139297,6.17798746170031
43,3,2,1,3,0.07530056950010545,6,0,1,0,1,0,0,0,0,1,1,-3.2214658024409277,10.220383501217743
33,4,3,2,2,0.17364480067496307,4,2,3,0,0,0,0,0,0,0,0,-10.362230730977645,2.58818117109177
46,4,3,3,3,0.5186669479012866,13,7,8,0,0,0,0,0,0,0,0,6.670559600169579,3.005959856061581
56,1,3,1,4,0.08321029318709132,5,2,4,0,0,0,1,0,0,0,1,6.284145612122741,15.424841746618391
32,4,1,2,4,0.19294452647120863,9,7,8,0,0,0,0,0,0,0,0,-5.565290746412619,-4.409406506782462
30,2,2,2,1,0.4590276313014132,10,8,10,0,0,0,0,0,0,0,1,-5.5389079269393315,-7.527948079758551
27,1,3,2,4,0.16968993883147016,4,2,3,0,0,0,0,0,0,0,0,-14.471413276613081,-1.0049498358286313
42,3,3,3,1,0.6506538704914575,18,7,13,0,0,0,0,1,0,0,0,8.64922133850124,-3.840477673414907
20,4,2,1,1,0.08389580257329678,1,0,1,0,0,0,0,0,0,1,1,-22.198005928070938,-2.34010373469069
50,4,3,1,2,0.15112845391267665,4,2,2,0,0,0,0,0,1,0,0,0.9217999060345318,13.42361615003789
19,2,2,1,4,0.00490402868593124,1,0,1,0,0,0,1,0,0,0,1,-22.883387123209772,-2.9514692800410334
31,1,3,1,3,0.10852140898544611,3,2,2,0,0,0,0,0,1,0,0,-12.747873059997755,2.3162312611659357
29,3,3,1,4,0.06053575195106517,3,1,3,0,1,0,0,0,1,0,0,-13.975343624433314,0.8363358911997875
42,4,3,1,3,0.1560324825986079,8,0,0,0,0,0,1,0,0,0,0,-2.931491794297416,9.855187072609299
36,2,2,2,3,0.24593967517401394,10,9,10,0,1,0,0,0,0,1,0,-1.2639156815425392,-4.352143241327531
42,3,3,4,1,0.6722737819025523,22,9,21,0,0,0,0,0,0,1,1,13.997170042230742,-10.882470095398054
46,3,3,4,1,0.8457603881037756,28,15,26,0,0,0,0,0,0,0,0,23.029078857830754,-15.48957610193115
39,2,2,4,4,0.5812064965197216,21,9,20,0,0,0,0,0,0,0,0,11.00915264202579,-11.801011789254753
30,4,3,1,3,0.08879983125922801,1,0,1,0,0,0,1,0,0,0,0,-15.330003514512468,3.615107774603918
36,1,2,2,4,0.25316388947479435,10,4,10,0,0,0,1,0,0,0,0,-2.033788016379201,-2.4373379093284737
41,2,1,1,4,0.09328200801518667,10,7,7,0,0,0,1,0,0,1,1,0.8594461384703803,1.433871644438212
22,2,2,1,3,0.09518034170006327,4,2,4,1,0,0,0,0,0,1,0,-17.677113785819586,-4.613486830559241
21,1,2,1,2,0.06143218730225691,3,2,3,0,1,0,0,0,1,1,1,-19.319038996962398,-4.311434974010862
41,2,4,1,3,0.12481543978063699,10,6,10,0,1,0,0,0,0,0,0,1.6350433380631735,-0.17313964482501693
45,2,1,3,1,0.5189833368487661,24,7,7,0,0,1,0,0,0,1,0,12.703248033039056,0.5968226220033555
29,1,3,2,4,0.4136258173381143,6,4,6,0,0,1,0,0,0,0,0,-10.594839690269755,-3.032673148799374
51,3,3,1,4,0.09038177599662518,1,0,1,0,0,0,0,0,0,0,0,-0.9096863688429944,16.11512833734796
34,3,2,2,4,0.24984180552626029,16,10,15,0,0,0,0,0,0,1,0,2.8679054974330263,-10.617288482320863
40,4,3,1,1,0.053206074667791606,15,4,5,0,0,0,1,0,0,0,1,2.2886896367730922,2.230143091708094
42,1,3,3,1,0.6423750263657456,20,0,1,0,0,0,0,1,0,1,0,5.198685166265477,6.397118653815693
39,4,4,3,3,0.3811432187302257,11,6,7,0,0,0,0,0,0,0,0,0.13057272616429438,0.34312734299297837
40,2,3,1,2,0.07266399493777685,7,2,4,0,0,0,1,0,0,0,0,-3.414627447506395,5.452972252805974
45,1,3,3,2,0.339168951697954,10,8,10,0,1,1,0,0,0,0,0,4.837519582652956,1.366421580460192
40,3,3,1,3,0.052309639316599876,20,3,5,0,0,0,0,0,0,0,0,5.3444120722257775,1.467405827004719
34,2,3,3,1,0.4714722632356043,11,2,3,0,0,0,0,0,0,1,1,-5.139797421244116,1.5678437665147558
32,3,3,3,4,0.5352246361527104,10,7,7,0,0,0,0,1,0,0,0,-5.143835071149769,-4.004902542739934
50,4,2,3,1,0.6464880826829783,19,11,14,0,0,0,0,1,0,0,0,15.69443688822134,-1.5016195983347005
37,1,3,1,4,0.09407298038388524,13,8,9,0,0,0,0,0,1,0,0,0.8052867907361605,-3.3391731901214685
29,3,3,3,4,0.34507487871757014,9,7,8,0,0,1,0,0,0,1,1,-7.554825057959422,-6.224752777743914
31,1,3,3,1,0.45496730647542716,9,2,3,0,0,0,0,0,0,0,0,-8.462499250993508,0.22792592767779632
38,4,2,1,3,0.14200590592701962,5,4,5,0,0,0,1,0,0,0,0,-5.454146027108129,3.271729711895842
27,4,3,2,3,0.4731069394642481,7,7,7,0,0,0,0,0,0,0,0,-10.572809618276425,-6.256261742335509
41,3,3,1,1,0.06480700274203754,7,0,5,0,0,0,1,0,0,0,0,-2.7349341166120014,6.1547420532968
40,3,2,5,3,0.9817021725374393,21,7,20,0,0,0,0,1,0,0,0,11.47036036490896,-10.478246216532574
30,3,3,2,1,0.16378401181185404,8,3,4,0,0,0,0,0,0,0,0,-9.408789749605576,-1.147805778166982
30,3,3,2,3,0.1308795612739928,10,7,10,0,0,0,1,0,0,0,0,-5.6963752417874955,-7.1440028209996935
34,2,3,1,2,0.05267875975532588,1,0,1,0,0,0,1,0,0,0,0,-12.582027076492478,5.999195094556675
40,4,3,2,1,0.191415313225058,5,4,5,0,0,0,0,0,0,0,0,-4.004556330005043,4.437376634218219
29,4,3,1,2,0.06791816072558532,2,2,2,0,0,0,0,0,1,0,0,-14.76656769890245,1.3631153159989402
46,4,3,5,2,0.9529635098080573,25,2,4,0,0,0,0,1,0,0,0,12.49821912540149,4.809106355111687
41,3,3,3,3,0.37861210715039023,12,7,9,0,0,0,0,0,0,1,0,2.9037833473698114,-0.41837779496889155
39,1,1,2,3,0.249261759122548,10,2,3,1,0,0,0,0,0,0,0,-2.409423390736757,4.785629907669396
29,4,3,1,2,0.12033326302467832,8,5,7,0,0,0,0,0,0,0,0,-8.947415355336025,-4.4774529558627245
52,4,3,4,4,0.8197637629192154,31,2,5,0,0,0,0,0,0,0,0,20.668933163586345,6.398025875045961
37,3,3,1,3,0.10477747310693945,8,4,6,0,0,0,0,0,0,1,0,-3.914912796263521,1.3303223292663364
44,3,3,1,4,0.11527103986500738,8,2,2,0,0,0,0,0,0,1,0,-0.6355238929967723,8.932471378430412
45,1,3,2,1,0.17280109681501793,5,1,1,0,0,0,0,0,0,0,1,-2.2545795292994892,11.23142682411163
47,2,3,2,3,0.10372284328200802,5,0,0,0,0,0,0,0,1,0,0,-1.3396158508238885,13.464279588759961
37,4,3,1,1,0.10678126977430923,18,7,18,0,0,0,1,0,0,0,0,6.571982348573391,-10.066362310459333
41,2,3,2,4,0.2628137523729171,8,4,6,0,0,0,0,0,0,1,1,-1.1019073392637895,3.6682371175109107
57,4,3,2,3,0.3029951487028053,15,2,3,0,0,1,0,0,0,0,0,13.132879629596458,14.405516284033691
18,3,3,1,3,0.04719468466568234,0,0,0,1,0,0,1,0,0,0,1,-24.515652975339655,-2.6428899126563308
32,3,3,2,4,0.29835477747310696,9,1,5,1,0,1,0,0,0,0,0,-7.395440605292415,-0.10026378005904137
33,1,3,3,1,0.3983864163678549,11,0,0,0,0,0,0,0,0,1,1,-7.045760680390756,3.7395457616698193
32,4,3,1,4,0.06881459607677705,4,0,3,1,0,0,1,0,0,0,0,-11.435421523489342,2.788260455552362
39,1,2,1,1,0.13905294241721156,11,0,1,1,0,0,1,0,0,1,1,-2.778690062964243,6.721733722048131
58,3,2,3,1,0.4745306897279056,31,9,10,0,0,0,0,0,0,1,1,27.29781356100211,4.003868002303873
31,2,3,2,4,0.29387260071714827,10,5,6,0,0,0,0,0,0,1,0,-6.524995310367976,-3.1255849929633044
39,3,3,1,1,0.15265766715882723,6,2,5,0,0,0,0,0,0,0,1,-4.438341090585878,4.4203675152324635
27,3,3,3,1,0.33763973845180345,9,7,9,0,0,0,0,0,0,0,0,-8.618230425759954,-8.070902171321885
44,3,3,1,3,0.10161358363214511,6,4,6,0,0,0,0,0,0,1,1,-0.3961846085022774,5.95362615962829
45,4,3,1,4,0.06649441046192786,8,3,5,0,0,0,1,0,0,0,0,1.1099243615315004,7.149903621269308
40,3,2,4,2,0.6588272516346763,22,3,22,0,0,1,0,0,0,0,0,12.019564617660551,-10.45338764572008
47,3,3,3,2,0.5773043661674753,14,8,13,1,0,0,0,1,0,0,0,9.679722153550573,-0.3499386157891692
34,4,3,1,2,0.06865640160303733,9,2,3,0,0,0,0,0,0,0,0,-6.557972245972699,2.096789851315088
44,4,3,2,4,0.18624762708289389,20,11,20,0,0,0,0,0,0,0,0,13.957323906602271,-9.272642342916473
36,1,4,2,1,0.191415313225058,17,7,15,0,0,0,0,0,0,0,0,4.420484503397051,-8.478000236929736
27,1,1,1,3,0.19046614638261972,3,2,3,1,0,0,1,0,0,0,0,-15.189776740266824,-0.7448027116488046
24,1,3,1,2,0.11564016030373338,6,3,5,0,1,0,0,0,1,1,1,-14.582155614677102,-4.913521178332961
39,3,3,3,3,0.5235709765872179,20,6,19,0,1,1,0,0,0,0,0,9.532391370876674,-9.70785358695711
36,4,2,1,3,0.12544821767559589,2,0,1,0,0,0,0,0,0,1,1,-10.578003274445004,6.956001572729915
50,3,3,3,4,0.43234549673064754,16,2,2,0,0,0,0,0,0,0,0,8.736098592550396,10.62772065054294
41,4,3,4,2,0.7912887576460662,22,10,22,0,0,0,0,0,0,0,0,13.779956202270151,-12.533788080480877
31,4,3,2,3,0.2726218097447796,10,2,10,0,0,0,0,0,0,1,1,-5.783275004729543,-4.635480368318883
39,3,2,5,4,0.9630352246361527,21,9,21,0,0,0,0,0,0,0,0,11.388418064570699,-12.5078185030664
44,2,3,1,4,0.07524783800885888,6,3,4,0,0,0,0,0,0,1,0,-1.1476781369253302,7.6622636612372625
33,4,2,2,2,0.17459396751740142,5,3,5,0,0,0,0,0,0,0,0,-8.9617949982291,0.6390084314514369
33,3,3,2,3,0.3213984391478591,6,0,5,0,0,0,0,0,0,0,0,-8.77961973004782,1.558549913178114
37,3,2,2,4,0.24899810166631514,9,2,6,0,0,1,0,0,0,0,0,-3.5056730191211307,1.8247216702272164
37,3,3,1,1,0.12882303311537652,17,4,5,0,0,0,1,0,0,0,0,1.5182310163704098,-0.01305186072884545
27,3,3,1,1,0.10715039021303523,5,3,4,0,0,0,0,0,1,0,1,-13.468418662477646,-2.217883277803287
29,3,2,1,2,0.08104830204598186,6,2,2,0,1,0,0,0,0,0,1,-12.215384590181761,0.4525675587777017
44,1,2,3,4,0.48718624762708296,24,6,22,0,0,1,0,0,0,0,0,16.43461581306394,-9.645694137358216
23,1,4,1,1,0.09544399915629613,5,2,3,0,0,0,0,0,0,0,0,-16.652477464122644,-3.552727051345993
43,4,4,1,4,0.05695001054629825,7,4,5,1,0,0,0,0,0,0,0,-0.7416104517009794,5.800713387435741
29,2,3,1,3,0.12286437460451381,10,7,7,0,1,0,1,0,0,1,1,-7.37605179550798,-5.702926695352958
27,4,2,1,1,0.19853406454334532,8,6,7,0,0,0,0,0,0,0,0,-10.16584901226255,-6.052418954917042
46,3,3,3,2,0.33247205230963933,14,7,8,0,0,0,0,0,0,0,1,7.298700969942649,2.7875597876301694
32,3,3,1,3,0.10699219573929551,8,4,5,0,0,0,0,0,0,0,0,-7.648515504564306,-0.9793299068961915
37,1,3,3,2,0.3497679814385151,10,0,10,1,0,0,0,0,0,1,0,-1.8885194295871615,-0.339463856510287
30,3,3,2,1,0.10878506644167897,12,9,12,1,0,0,1,0,0,0,0,-3.507052584058444,-9.686430385989059
38,4,2,2,4,0.15919637207340226,8,7,7,0,0,0,0,0,0,0,0,-2.3906693367762424,0.06407703783579644
33,4,3,2,4,0.23708078464458976,6,2,6,0,0,0,0,0,0,0,0,-8.170287247818955,0.12257776129922515
43,4,3,2,3,0.24625606412149337,10,7,8,0,0,0,1,0,0,1,0,2.613631061562575,1.9370134873953229
32,2,3,2,2,0.27478380088588905,10,4,10,0,0,0,0,0,0,0,0,-4.775289803839021,-4.805606860365189
31,2,3,1,3,0.1301413203965408,6,2,5,0,0,0,1,0,0,0,0,-9.922762822982467,-0.3577869947300816
52,4,3,2,3,0.11284539126766506,9,2,5,0,0,0,1,0,0,0,0,6.468808884721434,11.445069280320284
44,4,4,4,4,0.6491773887365535,23,11,12,0,0,0,0,0,0,1,0,13.584964343192551,-4.682046948593496
29,1,2,1,4,0.08031006116852986,8,3,4,0,0,0,1,0,0,0,0,-10.167468146878544,-1.7277909608403081
33,3,3,1,4,0.07524783800885888,8,4,5,0,0,0,1,0,0,1,1,-6.978880214940355,-0.38435553250263615
31,2,1,2,3,0.18719679392533223,4,2,2,0,0,0,0,0,0,1,1,-12.044534986439212,2.043960472396301
37,2,3,3,4,0.5893271461716938,10,8,10,0,0,0,0,1,0,1,0,-0.6445479773578843,-3.416776363774444
38,4,3,1,3,0.12112423539337693,7,0,0,0,0,0,1,0,0,0,0,-6.315103114476506,7.697550970964052
33,4,3,1,2,0.09212191520776207,8,7,8,0,0,0,0,0,0,0,0,-5.590862041555554,-3.5276664019798862
